0, 0, 0, 0, 0, 0, 0, 0, 0, 0, 0, 0, 0, 0, 0, 0, 0, 0, 0, 0, 0, 0, 0, 0, 0, 0, 0, 0, 0, 0, 0, 0, 0, 0, 0, 0, 0, 0, 0, 0, 0, 0, 0, 0, 0, 0, 0, 0, 0, 0, ,
0, -4.47892284e-08, -8.938597551e-08, -1.335988681e-07, -1.772387313e-07, -2.201196451e-07, -2.620599566e-07, -3.028832262e-07, -3.424191025e-07, -3.805041163e-07, -4.169823846e-07, -4.517062235e-07, -4.84536668e-07, -5.153439003e-07, -5.440075899e-07, -5.704171552e-07, -5.944719483e-07, -6.160813796e-07, -6.351649855e-07, -6.516524553e-07, -6.654836269e-07, -6.766084576e-07, -6.849869843e-07, -6.905892828e-07, -6.933954274e-07, -6.933954638e-07, -6.905893911e-07, -6.849871633e-07, -6.766087047e-07, -6.654839388e-07, -6.516528275e-07, -6.351654127e-07, -6.160818561e-07, -5.944724663e-07, -5.704177065e-07, -5.440081661e-07, -5.153444922e-07, -4.845372661e-07, -4.517068178e-07, -4.169829646e-07, -3.805046728e-07, -3.424196258e-07, -3.028837072e-07, -2.620603869e-07, -2.201200161e-07, -1.772390366e-07, -1.335991021e-07, -8.938613404e-08, -4.478930816e-08, 0, ,
0, -8.977093785e-08, -1.791558054e-07, -2.677707663e-07, -3.552364114e-07, -4.411798926e-07, -5.252369555e-07, -6.070538458e-07, -6.862890677e-07, -7.62614978e-07, -8.357191985e-07, -9.053058412e-07, -9.710965485e-07, -1.032831343e-06, -1.090269305e-06, -1.143189083e-06, -1.191389259e-06, -1.234688584e-06, -1.272926106e-06, -1.305961209e-06, -1.333673595e-06, -1.355963219e-06, -1.372750197e-06, -1.383974719e-06, -1.389596964e-06, -1.389597037e-06, -1.383974937e-06, -1.372750558e-06, -1.355963717e-06, -1.333674224e-06, -1.305961959e-06, -1.272926967e-06, -1.234689544e-06, -1.191390303e-06, -1.143190194e-06, -1.090270466e-06, -1.032832536e-06, -9.710977544e-07, -9.053070394e-07, -8.357203684e-07, -7.626161003e-07, -6.862901233e-07, -6.070548162e-07, -5.252378233e-07, -4.411806415e-07, -3.552370273e-07, -2.677712386e-07, -1.791561255e-07, -8.977109919e-08, 0, ,
0, -1.351387171e-07, -2.696955436e-07, -4.030919799e-07, -5.347562549e-07, -6.641265585e-07, -7.906541278e-07, -9.138061339e-07, -1.033068345e-06, -1.14794753e-06, -1.257973589e-06, -1.362701395e-06, -1.461712342e-06, -1.554615619e-06, -1.641049203e-06, -1.720680612e-06, -1.79320742e-06, -1.858357593e-06, -1.915889645e-06, -1.965592679e-06, -2.007286327e-06, -2.040820625e-06, -2.066075865e-06, -2.082962433e-06, -2.091420673e-06, -2.091420784e-06, -2.082962764e-06, -2.066076412e-06, -2.040821381e-06, -2.007287281e-06, -1.965593818e-06, -1.915890953e-06, -1.858359051e-06, -1.793209006e-06, -1.7206823e-06, -1.641050968e-06, -1.554617432e-06, -1.461714175e-06, -1.362703216e-06, -1.257975369e-06, -1.147949237e-06, -1.033069951e-06, -9.138076106e-07, -7.906554484e-07, -6.641276987e-07, -5.347571931e-07, -4.030926995e-07, -2.696960309e-07, -1.351389629e-07, 0, ,
0, -1.810883864e-07, -3.613956716e-07, -5.401453558e-07, -7.165700696e-07, -8.8991596e-07, -1.059446864e-06, -1.224448217e-06, -1.384230647e-06, -1.538133208e-06, -1.685526235e-06, -1.825813807e-06, -1.958435806e-06, -2.082869587e-06, -2.198631279e-06, -2.305276741e-06, -2.402402218e-06, -2.489644722e-06, -2.566682201e-06, -2.633233536e-06, -2.689058408e-06, -2.73395709e-06, -2.767770205e-06, -2.790378474e-06, -2.801702511e-06, -2.801702661e-06, -2.790378923e-06, -2.767770947e-06, -2.733958115e-06, -2.689059701e-06, -2.63323508e-06, -2.566683975e-06, -2.489646699e-06, -2.402404368e-06, -2.305279032e-06, -2.198633674e-06, -2.08287205e-06, -1.958438296e-06, -1.825816282e-06, -1.685528654e-06, -1.538135529e-06, -1.384232832e-06, -1.224450226e-06, -1.05944866e-06, -8.899175112e-07, -7.165713469e-07, -5.401463355e-07, -3.613963356e-07, -1.810887218e-07, 0, ,
0, -2.278191575e-07, -4.546534011e-07, -6.79523702e-07, -9.014627088e-07, -1.119520348e-06, -1.332769151e-06, -1.540309225e-06, -1.74127282e-06, -1.934828419e-06, -2.120184335e-06, -2.296591792e-06, -2.463347488e-06, -2.619795645e-06, -2.765329583e-06, -2.899392856e-06, -3.021479989e-06, -3.131136875e-06, -3.227960901e-06, -3.311600855e-06, -3.381756677e-06, -3.438179123e-06, -3.48066939e-06, -3.509078749e-06, -3.523308236e-06, -3.523308428e-06, -3.509079322e-06, -3.480670336e-06, -3.438180431e-06, -3.381758328e-06, -3.311602827e-06, -3.227963166e-06, -3.1311394e-06, -3.021482737e-06, -2.899395785e-06, -2.765332647e-06, -2.619798796e-06, -2.463350676e-06, -2.296594963e-06, -2.120187434e-06, -1.934831396e-06, -1.741275622e-06, -1.540311802e-06, -1.332771456e-06, -1.119522339e-06, -9.014643486e-07, -6.795249601e-07, -4.54654254e-07, -2.278195887e-07, 0, ,
0, -2.755348436e-07, -5.498750734e-07, -8.218333424e-07, -1.090236716e-06, -1.353933574e-06, -1.611800165e-06, -1.862746712e-06, -2.10572299e-06, -2.339723314e-06, -2.563790893e-06, -2.77702154e-06, -2.978566711e-06, -3.16763592e-06, -3.343498552e-06, -3.505485113e-06, -3.652988007e-06, -3.785461888e-06, -3.902423675e-06, -4.003452306e-06, -4.088188322e-06, -4.156333336e-06, -4.207649483e-06, -4.241958895e-06, -4.259143256e-06, -4.259143492e-06, -4.241959599e-06, -4.207650647e-06, -4.156334944e-06, -4.088190353e-06, -4.003454733e-06, -3.902426462e-06, -3.785464997e-06, -3.652991392e-06, -3.505488723e-06, -3.343502332e-06, -3.167639811e-06, -2.978570647e-06, -2.777025458e-06, -2.563794727e-06, -2.339726997e-06, -2.105726459e-06, -1.862749904e-06, -1.611803021e-06, -1.353936041e-06, -1.090238749e-06, -8.218349027e-07, -5.498761316e-07, -2.755353781e-07, 0, ,
0, -3.244451439e-07, -6.474787067e-07, -9.676978788e-07, -1.283717238e-06, -1.594177066e-06, -1.897751224e-06, -2.19315447e-06, -2.479149115e-06, -2.754550952e-06, -3.018234385e-06, -3.269136763e-06, -3.506261894e-06, -3.728682775e-06, -3.935543591e-06, -4.126061036e-06, -4.299525038e-06, -4.455298996e-06, -4.592819603e-06, -4.711596373e-06, -4.811210968e-06, -4.891316415e-06, -4.951636312e-06, -4.991964091e-06, -5.012162403e-06, -5.012162685e-06, -4.991964936e-06, -4.95163771e-06, -4.891318346e-06, -4.811213408e-06, -4.711599289e-06, -4.592822954e-06, -4.455302735e-06, -4.299529112e-06, -4.126065384e-06, -3.935548147e-06, -3.728687466e-06, -3.506266644e-06, -3.269141495e-06, -3.018239018e-06, -2.754555407e-06, -2.479153313e-06, -2.193158334e-06, -1.897754684e-06, -1.594180056e-06, -1.283719702e-06, -9.676997709e-07, -6.474799897e-07, -3.244457921e-07, 0, ,
0, -3.747670252e-07, -7.478967312e-07, -1.117762228e-06, -1.482757292e-06, -1.841306229e-06, -2.191873196e-06, -2.532970827e-06, -2.86316805e-06, -3.181096993e-06, -3.485458931e-06, -3.775029234e-06, -4.048661325e-06, -4.305289694e-06, -4.543932003e-06, -4.763690401e-06, -4.963752113e-06, -5.143389454e-06, -5.301959368e-06, -5.438902616e-06, -5.553742762e-06, -5.646085044e-06, -5.715615261e-06, -5.762098753e-06, -5.785379578e-06, -5.785379911e-06, -5.76209975e-06, -5.715616909e-06, -5.646087324e-06, -5.553745643e-06, -5.43890606e-06, -5.301963328e-06, -5.143393877e-06, -4.963756936e-06, -4.763695552e-06, -4.543937406e-06, -4.305295262e-06, -4.048666969e-06, -3.77503486e-06, -3.485464445e-06, -3.181102299e-06, -2.863173053e-06, -2.532975436e-06, -2.191877324e-06, -1.841309799e-06, -1.482760235e-06, -1.117764488e-06, -7.47898264e-07, -3.747677995e-07, 0, ,
0, -4.267262254e-07, -8.515789646e-07, -1.27269701e-06, -1.688243472e-06, -2.096417362e-06, -2.495464503e-06, -2.883687593e-06, -3.259455263e-06, -3.621210039e-06, -3.967475113e-06, -4.296859915e-06, -4.60806448e-06, -4.899882671e-06, -5.171204327e-06, -5.42101645e-06, -5.648403557e-06, -5.852547341e-06, -6.032725797e-06, -6.18831196e-06, -6.31877242e-06, -6.42366574e-06, -6.502640933e-06, -6.555436084e-06, -6.581877242e-06, -6.581877631e-06, -6.555437246e-06, -6.502642854e-06, -6.423668397e-06, -6.318775779e-06, -6.18831598e-06, -6.032730423e-06, -5.852552512e-06, -5.6484092e-06, -5.421022485e-06, -5.171210661e-06, -4.899889206e-06, -4.608071111e-06, -4.296866532e-06, -3.967481604e-06, -3.621216291e-06, -3.259461163e-06, -2.883693032e-06, -2.495469378e-06, -2.096421579e-06, -1.688246951e-06, -1.272699682e-06, -8.515807773e-07, -4.267271412e-07, 0, ,
0, -4.805589114e-07, -9.589958922e-07, -1.433203374e-06, -1.901102223e-06, -2.360655243e-06, -2.809879863e-06, -3.246859777e-06, -3.66975537e-06, -4.076812786e-06, -4.466371567e-06, -4.836870833e-06, -5.186854009e-06, -5.514972184e-06, -5.819986185e-06, -6.100767516e-06, -6.356298323e-06, -6.585670556e-06, -6.788084518e-06, -6.962847008e-06, -7.109369216e-06, -7.227164564e-06, -7.315846646e-06, -7.375127409e-06, -7.404815677e-06, -7.404816125e-06, -7.375128749e-06, -7.315848863e-06, -7.227167631e-06, -7.109373098e-06, -6.962851656e-06, -6.788089873e-06, -6.585676547e-06, -6.35630487e-06, -6.100774524e-06, -5.819993549e-06, -5.514979791e-06, -5.186861736e-06, -4.836878553e-06, -4.466379149e-06, -4.076820096e-06, -3.669762276e-06, -3.246866149e-06, -2.809885579e-06, -2.360660192e-06, -1.901106308e-06, -1.433206513e-06, -9.589980219e-07, -4.805599873e-07, 0, ,
0, -5.365135279e-07, -1.070642319e-06, -1.600018372e-06, -2.122306803e-06, -2.635221524e-06, -3.136539928e-06, -3.624116283e-06, -4.095893655e-06, -4.549914167e-06, -4.984327537e-06, -5.397397839e-06, -5.787508539e-06, -6.153165872e-06, -6.493000712e-06, -6.805769106e-06, -7.090351666e-06, -7.345752039e-06, -7.57109471e-06, -7.765622337e-06, -7.928692872e-06, -8.059776652e-06, -8.158453679e-06, -8.224411228e-06, -8.257441931e-06, -8.257442445e-06, -8.224412763e-06, -8.158456219e-06, -8.059780168e-06, -7.928697324e-06, -7.765627674e-06, -7.571100865e-06, -7.345758934e-06, -7.090359208e-06, -6.80577719e-06, -6.493009219e-06, -6.153174671e-06, -5.787517492e-06, -5.397406796e-06, -4.984336344e-06, -4.549922669e-06, -4.095901695e-06, -3.62412371e-06, -3.136546596e-06, -2.635227302e-06, -2.122311575e-06, -1.600022041e-06, -1.070644808e-06, -5.36514786e-07, 0, ,
0, -5.948528808e-07, -1.187041483e-06, -1.773920993e-06, -2.35288509e-06, -2.921384122e-06, -3.476942039e-06, -4.017171774e-06, -4.539788799e-06, -5.04262269e-06, -5.523626573e-06, -5.980884449e-06, -6.412616438e-06, -6.817182051e-06, -7.193081684e-06, -7.538956533e-06, -7.853587194e-06, -8.135891225e-06, -8.384919945e-06, -8.59985476e-06, -8.780003281e-06, -8.924795493e-06, -9.033780191e-06, -9.106621894e-06, -9.143098376e-06, -9.14309896e-06, -9.10662364e-06, -9.033783082e-06, -8.924799498e-06, -8.780008358e-06, -8.599860851e-06, -8.384926979e-06, -8.135899115e-06, -7.853595837e-06, -7.538965811e-06, -7.193091464e-06, -6.817192183e-06, -6.412626763e-06, -5.980894796e-06, -5.523636762e-06, -5.04263254e-06, -4.539798126e-06, -4.017180399e-06, -3.476949793e-06, -2.921390848e-06, -2.352890649e-06, -1.773925269e-06, -1.187044385e-06, -5.94854348e-07, 0, ,
0, -6.558565122e-07, -1.308749738e-06, -1.955739024e-06, -2.593928443e-06, -3.220487835e-06, -3.832672333e-06, -4.427839972e-06, -5.003467078e-06, -5.557161222e-06, -6.086671616e-06, -6.589896948e-06, -7.064890712e-06, -7.509864211e-06, -7.923187442e-06, -8.303388147e-06, -8.649149352e-06, -8.959305721e-06, -9.232839085e-06, -9.468873475e-06, -9.66667e-06, -9.825621847e-06, -9.945249699e-06, -1.002519778e-05, -1.006523072e-05, -1.006523138e-05, -1.002519976e-05, -9.945252972e-06, -9.825626385e-06, -9.666675758e-06, -9.468880392e-06, -9.232847084e-06, -8.959314709e-06, -8.649159215e-06, -8.303398754e-06, -7.923198642e-06, -7.509875837e-06, -7.06490258e-06, -6.589908863e-06, -6.08668337e-06, -5.557172602e-06, -5.00347787e-06, -4.427849966e-06, -3.832681328e-06, -3.220495646e-06, -2.593934904e-06, -1.955743998e-06, -1.308753116e-06, -6.558582204e-07, 0, ,
0, -7.198234301e-07, -1.436361933e-06, -2.146356922e-06, -2.846601821e-06, -3.533966441e-06, -4.205419486e-06, -4.858048703e-06, -5.48907832e-06, -6.095883504e-06, -6.676001723e-06, -7.227141015e-06, -7.747185251e-06, -8.234196639e-06, -8.686415725e-06, -9.102259262e-06, -9.480316347e-06, -9.819343223e-06, -1.01182572e-05, -1.037613006e-05, -1.059218139e-05, -1.076577219e-05, -1.089639898e-05, -1.098368881e-05, -1.102739534e-05, -1.102739608e-05, -1.098369103e-05, -1.089640266e-05, -1.076577731e-05, -1.05921879e-05, -1.037613788e-05, -1.011826626e-05, -9.819353421e-06, -9.48032756e-06, -9.102271347e-06, -8.686428513e-06, -8.234209942e-06, -7.74719886e-06, -7.227154704e-06, -6.676015254e-06, -6.095896628e-06, -5.489090787e-06, -4.858060266e-06, -4.205429908e-06, -3.533975502e-06, -2.846609324e-06, -2.146362703e-06, -1.436365862e-06, -7.19825417e-07, 0, ,
0, -7.870752743e-07, -1.570517643e-06, -2.346724909e-06, -3.112155477e-06, -3.863356623e-06, -4.596990465e-06, -5.309857034e-06, -5.998913995e-06, -6.661292749e-06, -7.29431076e-06, -7.895480137e-06, -8.462512639e-06, -8.993321372e-06, -9.486019557e-06, -9.93891683e-06, -1.035051355e-05, -1.071949363e-05, -1.104471643e-05, -1.132520816e-05, -1.156015333e-05, -1.174888656e-05, -1.189088521e-05, -1.198576314e-05, -1.203326574e-05, -1.203326657e-05, -1.198576563e-05, -1.189088934e-05, -1.17488923e-05, -1.156016064e-05, -1.132521697e-05, -1.104472665e-05, -1.071950516e-05, -1.035052626e-05, -9.938930559e-06, -9.486034121e-06, -8.993336559e-06, -8.462528214e-06, -7.89549584e-06, -7.294326315e-06, -6.661307868e-06, -5.998928384e-06, -5.309870403e-06, -4.597002533e-06, -3.863367129e-06, -3.112164187e-06, -2.346731626e-06, -1.570522211e-06, -7.870775861e-07, 0, ,
0, -8.579600248e-07, -1.711908453e-06, -2.557869596e-06, -3.391938555e-06, -4.210314107e-06, -5.009328719e-06, -5.785474971e-06, -6.535427877e-06, -7.256062739e-06, -7.94446843e-06, -8.597956135e-06, -9.214063798e-06, -9.790556651e-06, -1.03254243e-05, -1.081687495e-05, -1.126332739e-05, -1.166340131e-05, -1.201590672e-05, -1.231983283e-05, -1.257433721e-05, -1.277873549e-05, -1.293249217e-05, -1.30352128e-05, -1.308663791e-05, -1.308663884e-05, -1.303521557e-05, -1.293249678e-05, -1.277874191e-05, -1.257434538e-05, -1.23198427e-05, -1.201591821e-05, -1.166341431e-05, -1.126334175e-05, -1.081689051e-05, -1.032544085e-05, -9.79057396e-06, -9.214081597e-06, -8.597974127e-06, -7.944486298e-06, -7.256080146e-06, -6.535444479e-06, -5.785490426e-06, -5.009342695e-06, -4.210326293e-06, -3.39194867e-06, -2.557877405e-06, -1.711913769e-06, -8.579627172e-07, 0, ,
0, -9.328563729e-07, -1.861286551e-06, -2.780906465e-06, -3.687415038e-06, -4.576632533e-06, -5.444535332e-06, -6.287286256e-06, -7.101259801e-06, -7.8830619e-06, -8.629544087e-06, -9.337812174e-06, -1.000522977e-05, -1.062941714e-05, -1.120824604e-05, -1.173983129e-05, -1.222251974e-05, -1.265487752e-05, -1.30356763e-05, -1.336387922e-05, -1.363862718e-05, -1.385922603e-05, -1.402513517e-05, -1.413595797e-05, -1.419143427e-05, -1.41914353e-05, -1.413596105e-05, -1.402514029e-05, -1.385923316e-05, -1.363863629e-05, -1.336389025e-05, -1.303568917e-05, -1.265489212e-05, -1.222253593e-05, -1.173984888e-05, -1.120826482e-05, -1.062943683e-05, -1.000525009e-05, -9.337832775e-06, -8.629564603e-06, -7.883081939e-06, -7.10127896e-06, -6.28730413e-06, -5.444551526e-06, -4.576646676e-06, -3.687426796e-06, -2.780915554e-06, -1.861292745e-06, -9.32859514e-07, 0, ,
0, -1.012178914e-06, -2.019474917e-06, -3.017054677e-06, -4.000182597e-06, -4.964265655e-06, -5.904893821e-06, -6.81787492e-06, -7.69926317e-06, -8.545380972e-06, -9.352833844e-06, -1.011851871e-05, -1.083962597e-05, -1.151363608e-05, -1.213831144e-05, -1.271168444e-05, -1.323204276e-05, -1.369791272e-05, -1.410804174e-05, -1.446138058e-05, -1.475706627e-05, -1.499440627e-05, -1.517286452e-05, -1.529204964e-05, -1.535170591e-05, -1.535170704e-05, -1.529205303e-05, -1.517287017e-05, -1.499441416e-05, -1.475707637e-05, -1.446139284e-05, -1.41080561e-05, -1.369792907e-05, -1.323206095e-05, -1.271170429e-05, -1.21383327e-05, -1.151365847e-05, -1.083964914e-05, -1.011854228e-05, -9.352857399e-06, -8.545404048e-06, -7.699285292e-06, -6.817895607e-06, -5.904912603e-06, -4.964282088e-06, -4.000196281e-06, -3.017065269e-06, -2.019482145e-06, -1.012182594e-06, 0, ,
0, -1.09638441e-06, -2.187379524e-06, -3.267654731e-06, -4.331995019e-06, -5.375353666e-06, -6.392899376e-06, -7.380056434e-06, -8.332536989e-06, -9.246364973e-06, -1.011789161e-05, -1.094380284e-05, -1.172111931e-05, -1.244718978e-05, -1.31196792e-05, -1.373655228e-05, -1.429605413e-05, -1.479668887e-05, -1.523719736e-05, -1.561653509e-05, -1.593385103e-05, -1.618846828e-05, -1.637986699e-05, -1.650767015e-05, -1.657163268e-05, -1.657163392e-05, -1.650767387e-05, -1.637987318e-05, -1.618847696e-05, -1.593386217e-05, -1.561654866e-05, -1.523721331e-05, -1.479670711e-05, -1.429607451e-05, -1.373657461e-05, -1.311970323e-05, -1.24472152e-05, -1.172114572e-05, -1.094382982e-05, -1.011791866e-05, -9.246391561e-06, -8.332562553e-06, -7.380080405e-06, -6.392921191e-06, -5.375372792e-06, -4.332010973e-06, -3.267667097e-06, -2.187387972e-06, -1.096388718e-06, 0, ,
0, -1.185979282e-06, -2.366004037e-06, -3.534189709e-06, -4.684789082e-06, -5.812254615e-06, -6.911293582e-06, -7.976914451e-06, -9.004463378e-06, -9.98965032e-06, -1.092856479e-05, -1.181768175e-05, -1.265385863e-05, -1.343432455e-05, -1.415666329e-05, -1.481879133e-05, -1.541893262e-05, -1.595559128e-05, -1.642752375e-05, -1.683371138e-05, -1.717333449e-05, -1.744574884e-05, -1.7650465e-05, -1.77871313e-05, -1.785552075e-05, -1.785552209e-05, -1.778713534e-05, -1.765047174e-05, -1.744575831e-05, -1.71733467e-05, -1.683372631e-05, -1.642754139e-05, -1.595561154e-05, -1.541895538e-05, -1.481881641e-05, -1.415669041e-05, -1.343435337e-05, -1.265388873e-05, -1.181771262e-05, -1.092859587e-05, -9.98968098e-06, -9.004492957e-06, -7.976942267e-06, -6.911318963e-06, -5.812276917e-06, -4.684807719e-06, -3.534204175e-06, -2.366013928e-06, -1.185984306e-06, 0, ,
0, -1.281528684e-06, -2.556467646e-06, -3.818310991e-06, -5.06071699e-06, -6.277582129e-06, -7.463105887e-06, -8.611844409e-06, -9.718751751e-06, -1.077920814e-05, -1.178903547e-05, -1.274450074e-05, -1.364230891e-05, -1.447958651e-05, -1.525385807e-05, -1.596301714e-05, -1.660529372e-05, -1.717921986e-05, -1.768359498e-05, -1.811745218e-05, -1.848002672e-05, -1.877072759e-05, -1.898911286e-05, -1.91348693e-05, -1.920779692e-05, -1.920779837e-05, -1.913487365e-05, -1.898912013e-05, -1.877073785e-05, -1.848003999e-05, -1.811746851e-05, -1.768361438e-05, -1.717924229e-05, -1.660531907e-05, -1.596304523e-05, -1.525388863e-05, -1.447961916e-05, -1.364234319e-05, -1.274453607e-05, -1.17890712e-05, -1.077924354e-05, -9.718786025e-06, -8.611876746e-06, -7.463135476e-06, -6.277608192e-06, -5.060738813e-06, -3.818327955e-06, -2.556479261e-06, -1.281534579e-06, 0, ,
0, -1.383667812e-06, -2.760026926e-06, -4.12186962e-06, -5.462185761e-06, -6.774251027e-06, -8.051703424e-06, -9.288605547e-06, -1.047949108e-05, -1.161939504e-05, -1.270386819e-05, -1.372897684e-05, -1.469128976e-05, -1.55878545e-05, -1.641616535e-05, -1.717412545e-05, -1.786000527e-05, -1.847239948e-05, -1.901018414e-05, -1.947247563e-05, -1.985859261e-05, -2.016802196e-05, -2.040038953e-05, -2.055543614e-05, -2.063299928e-05, -2.063300081e-05, -2.055544076e-05, -2.040039729e-05, -2.016803295e-05, -1.985860692e-05, -1.947249336e-05, -1.901020534e-05, -1.847242416e-05, -1.786003337e-05, -1.717415682e-05, -1.64161997e-05, -1.558789145e-05, -1.469132879e-05, -1.372901729e-05, -1.27039093e-05, -1.161943595e-05, -1.047953086e-05, -9.288643217e-06, -8.051738002e-06, -6.774281564e-06, -5.462211386e-06, -4.12188957e-06, -2.760040584e-06, -1.38367475e-06, 0, ,
0, -1.493115637e-06, -2.978102622e-06, -4.446954812e-06, -5.891905417e-06, -7.305532796e-06, -8.680851238e-06, -1.001138328e-05, -1.129121198e-05, -1.251501273e-05, -1.367806542e-05, -1.477624867e-05, -1.58060188e-05, -1.676437638e-05, -1.764882336e-05, -1.845731404e-05, -1.918820241e-05, -1.984018864e-05, -2.041226647e-05, -2.090367361e-05, -2.131384612e-05, -2.164237811e-05, -2.188898717e-05, -2.205348644e-05, -2.213576323e-05, -2.213576483e-05, -2.205349127e-05, -2.188899533e-05, -2.164238973e-05, -2.131386138e-05, -2.090369266e-05, -2.041228946e-05, -1.984021565e-05, -1.918823344e-05, -1.845734896e-05, -1.764886192e-05, -1.676441816e-05, -1.580606323e-05, -1.4776295e-05, -1.367811278e-05, -1.25150601e-05, -1.129125824e-05, -1.001142726e-05, -8.680891749e-06, -7.305568677e-06, -5.891935595e-06, -4.446978356e-06, -2.978118754e-06, -1.493123836e-06, 0, ,
0, -1.610692113e-06, -3.212313119e-06, -4.795941646e-06, -6.3529483e-06, -7.875123504e-06, -9.354785454e-06, -1.078486435e-05, -1.215896082e-05, -1.34713785e-05, -1.471713209e-05, -1.58919336e-05, -1.69921604e-05, -1.801480885e-05, -1.895743769e-05, -1.981810492e-05, -2.059530172e-05, -2.128788619e-05, -2.189501949e-05, -2.24161062e-05, -2.285074017e-05, -2.319865717e-05, -2.345969461e-05, -2.36337592e-05, -2.372080239e-05, -2.372080402e-05, -2.363376416e-05, -2.345970304e-05, -2.319866926e-05, -2.285075621e-05, -2.241612644e-05, -2.189504419e-05, -2.128791553e-05, -2.059533579e-05, -1.981814366e-05, -1.895748086e-05, -1.801485603e-05, -1.699221096e-05, -1.58919867e-05, -1.471718671e-05, -1.347143344e-05, -1.215901474e-05, -1.078491584e-05, -9.354833058e-06, -7.875165799e-06, -6.352983963e-06, -4.795969507e-06, -3.212332239e-06, -1.610701842e-06, 0, ,
0, -1.737339703e-06, -3.464516092e-06, -5.171550353e-06, -6.848822641e-06, -8.487227467e-06, -1.007830273e-05, -1.161432783e-05, -1.308838845e-05, -1.449440837e-05, -1.582715083e-05, -1.708219325e-05, -1.825588035e-05, -1.934526094e-05, -2.034801362e-05, -2.126236625e-05, -2.208701336e-05, -2.282103489e-05, -2.346381912e-05, -2.401499151e-05, -2.447435121e-05, -2.484181578e-05, -2.511737492e-05, -2.530105337e-05, -2.539288309e-05, -2.539288472e-05, -2.530105832e-05, -2.511738339e-05, -2.484182808e-05, -2.447436775e-05, -2.401501269e-05, -2.346384534e-05, -2.282106649e-05, -2.208705053e-05, -2.126240903e-05, -2.034806182e-05, -1.934531414e-05, -1.825593787e-05, -1.708225415e-05, -1.582721391e-05, -1.449447221e-05, -1.308845146e-05, -1.161438828e-05, -1.007835885e-05, -8.487277499e-06, -6.84886495e-06, -5.171583471e-06, -3.464538853e-06, -1.737351294e-06, 0, ,
0, -1.874150605e-06, -3.736861189e-06, -5.576921042e-06, -7.38356449e-06, -9.146661003e-06, -1.085687017e-05, -1.250575581e-05, -1.408585677e-05, -1.55907157e-05, -1.701486961e-05, -1.835380822e-05, -1.960390682e-05, -2.076234094e-05, -2.182698959e-05, -2.27963331e-05, -2.366935056e-05, -2.444542092e-05, -2.512423057e-05, -2.570568953e-05, -2.618985738e-05, -2.657687981e-05, -2.68669359e-05, -2.706019627e-05, -2.715679189e-05, -2.715679343e-05, -2.7060201e-05, -2.686694411e-05, -2.657689194e-05, -2.6189874e-05, -2.570571125e-05, -2.512425799e-05, -2.444545457e-05, -2.366939081e-05, -2.279638011e-05, -2.182704325e-05, -2.076240084e-05, -1.960397224e-05, -1.83538781e-05, -1.701494256e-05, -1.559079004e-05, -1.408593058e-05, -1.250582699e-05, -1.085693655e-05, -9.146720402e-06, -7.383614868e-06, -5.576960572e-06, -3.736888408e-06, -1.87416448e-06, 0, ,
0, -2.022401526e-06, -4.031857021e-06, -6.015708134e-06, -7.961853295e-06, -9.858981884e-06, -1.169676114e-05, -1.346596846e-05, -1.515856713e-05, -1.676772804e-05, -1.82878037e-05, -1.97142632e-05, -2.104359776e-05, -2.22732064e-05, -2.340127071e-05, -2.4426626e-05, -2.534863486e-05, -2.616706764e-05, -2.688199272e-05, -2.749367864e-05, -2.800250897e-05, -2.840891019e-05, -2.871329262e-05, -2.891600393e-05, -2.901729476e-05, -2.901729612e-05, -2.891600815e-05, -2.871330011e-05, -2.840892158e-05, -2.800252505e-05, -2.74937003e-05, -2.688202082e-05, -2.616710297e-05, -2.534867803e-05, -2.442667733e-05, -2.340133023e-05, -2.227327374e-05, -2.104367215e-05, -1.971434346e-05, -1.828788821e-05, -1.676781481e-05, -1.515865385e-05, -1.346605256e-05, -1.169683994e-05, -9.859052695e-06, -7.961913545e-06, -6.015755543e-06, -4.031889728e-06, -2.022418219e-06, 0, ,
0, -2.183598476e-06, -4.352457234e-06, -6.492201181e-06, -8.589158667e-06, -1.06306521e-05, -1.260522403e-05, -1.450278975e-05, -1.631471526e-05, -1.803382564e-05, -1.965435395e-05, -2.117184314e-05, -2.258301461e-05, -2.388561619e-05, -2.507826086e-05, -2.616026532e-05, -2.713149525e-05, -2.799222206e-05, -2.874299402e-05, -2.938452336e-05, -2.991758967e-05, -3.034295935e-05, -3.066132046e-05, -3.087323206e-05, -3.097908709e-05, -3.097908813e-05, -3.087323537e-05, -3.06613266e-05, -3.03429692e-05, -2.991760434e-05, -2.938454408e-05, -2.874302202e-05, -2.799225847e-05, -2.713154099e-05, -2.616032097e-05, -2.50783266e-05, -2.388569174e-05, -2.258309917e-05, -2.117193537e-05, -1.965445199e-05, -1.803392714e-05, -1.631481743e-05, -1.450288947e-05, -1.260531797e-05, -1.063073689e-05, -8.589231077e-06, -6.492258326e-06, -4.352496743e-06, -2.183618667e-06, 0, ,
0, -2.359535142e-06, -4.702172258e-06, -7.011480687e-06, -9.271928084e-06, -1.146924383e-05, -1.359069314e-05, -1.562525127e-05, -1.756367851e-05, -1.93985053e-05, -2.112394331e-05, -2.273574079e-05, -2.423100135e-05, -2.560798288e-05, -2.686589122e-05, -2.800467918e-05, -2.902485877e-05, -2.992733132e-05, -3.071323793e-05, -3.138383112e-05, -3.194036701e-05, -3.238401707e-05, -3.271579781e-05, -3.293651676e-05, -3.304673343e-05, -3.304673395e-05, -3.293651859e-05, -3.271580173e-05, -3.238402428e-05, -3.194037903e-05, -3.138384966e-05, -3.07132647e-05, -2.992736791e-05, -2.90249065e-05, -2.800473896e-05, -2.686596347e-05, -2.560806744e-05, -2.423109741e-05, -2.273584687e-05, -2.112405726e-05, -1.939862433e-05, -1.756379925e-05, -1.562536991e-05, -1.359080556e-05, -1.146934582e-05, -9.272015549e-06, -7.011549939e-06, -4.702220252e-06, -2.359559705e-06, 0, ,
0, -2.552369835e-06, -5.085215969e-06, -7.579621225e-06, -1.001782915e-05, -1.238370201e-05, -1.466305342e-05, -1.684384368e-05, -1.89162422e-05, -2.087257376e-05, -2.270717319e-05, -2.441617538e-05, -2.599726711e-05, -2.744942277e-05, -2.877264195e-05, -2.99677014e-05, -3.103592934e-05, -3.197900651e-05, -3.279879528e-05, -3.349719618e-05, -3.407603016e-05, -3.453694412e-05, -3.488133695e-05, -3.511030373e-05, -3.522459591e-05, -3.522459565e-05, -3.511030332e-05, -3.488133744e-05, -3.453694717e-05, -3.407603785e-05, -3.349721081e-05, -3.279881923e-05, -3.197904196e-05, -3.103597813e-05, -2.99677649e-05, -2.877272088e-05, -2.744951714e-05, -2.599737615e-05, -2.441629746e-05, -2.270730583e-05, -2.087271368e-05, -1.891638534e-05, -1.684398537e-05, -1.466318855e-05, -1.238382528e-05, -1.001793536e-05, -7.579705629e-06, -5.085274621e-06, -2.552399902e-06, 0, ,
0, -2.76472823e-06, -5.506700557e-06, -8.203959095e-06, -1.083606528e-05, -1.338468163e-05, -1.583397484e-05, -1.817082783e-05, -2.038487283e-05, -2.246837438e-05, -2.441600029e-05, -2.622452044e-05, -2.789246894e-05, -2.941979913e-05, -3.080755242e-05, -3.205755512e-05, -3.317215066e-05, -3.415397012e-05, -3.50057405e-05, -3.573012814e-05, -3.632961334e-05, -3.680639231e-05, -3.716230213e-05, -3.739876531e-05, -3.751675083e-05, -3.751674942e-05, -3.739876159e-05, -3.716229755e-05, -3.680638912e-05, -3.632961436e-05, -3.573013652e-05, -3.500575943e-05, -3.415400257e-05, -3.317219917e-05, -3.205762161e-05, -3.080763803e-05, -2.941990411e-05, -2.789259258e-05, -2.622466098e-05, -2.441615492e-05, -2.246853923e-05, -2.038504305e-05, -1.817099769e-05, -1.583413799e-05, -1.338483139e-05, -1.083619498e-05, -8.204062595e-06, -5.5067727e-06, -2.764765282e-06, 0, ,
0, -2.999842528e-06, -5.972898934e-06, -8.893449318e-06, -1.173779124e-05, -1.448498441e-05, -1.711733647e-05, -1.962061996e-05, -2.198404694e-05, -2.420005061e-05, -2.626393316e-05, -2.817343713e-05, -2.992828909e-05, -3.152975238e-05, -3.298021348e-05, -3.428281601e-05, -3.544114807e-05, -3.645898279e-05, -3.734006847e-05, -3.808796253e-05, -3.870590276e-05, -3.919670965e-05, -3.956271396e-05, -3.980570456e-05, -3.992689266e-05, -3.992688961e-05, -3.980569607e-05, -3.956270205e-05, -3.919669738e-05, -3.870589397e-05, -3.808796147e-05, -3.734007941e-05, -3.645900971e-05, -3.544119438e-05, -3.428288435e-05, -3.29803055e-05, -3.152986868e-05, -2.992842908e-05, -2.817359896e-05, -2.626411365e-05, -2.420024525e-05, -2.198424994e-05, -1.962082435e-05, -1.711753435e-05, -1.448516729e-05, -1.173795056e-05, -8.893577076e-06, -5.972988301e-06, -2.999888527e-06, 0, ,
0, -3.261742949e-06, -6.491603331e-06, -9.659148008e-06, -1.273666594e-05, -1.570012831e-05, -1.852976668e-05, -2.121026862e-05, -2.373064434e-05, -2.608384797e-05, -2.826624462e-05, -3.027700584e-05, -3.211749791e-05, -3.379070781e-05, -3.530073311e-05, -3.665234739e-05, -3.785064282e-05, -3.890074448e-05, -3.980758807e-05, -4.057575076e-05, -4.120932551e-05, -4.171182957e-05, -4.208613951e-05, -4.233444628e-05, -4.245822567e-05, -4.245822027e-05, -4.233443105e-05, -4.208611719e-05, -4.171180439e-05, -4.120930268e-05, -4.057573598e-05, -3.980758704e-05, -3.890076246e-05, -3.78506843e-05, -3.665241589e-05, -3.530083095e-05, -3.379083604e-05, -3.211765611e-05, -3.027719212e-05, -2.826645547e-05, -2.608407819e-05, -2.373088709e-05, -2.121051544e-05, -1.853000775e-05, -1.570035287e-05, -1.273686292e-05, -9.659306841e-06, -6.4917149e-06, -3.261800524e-06, 0, ,
0, -3.555525939e-06, -7.072623434e-06, -1.051487345e-05, -1.384959619e-05, -1.704909621e-05, -2.009133331e-05, -2.296004348e-05, -2.564441385e-05, -2.813845229e-05, -3.044019151e-05, -3.25508437e-05, -3.44739889e-05, -3.621484786e-05, -3.777966374e-05, -3.917519762e-05, -4.040833132e-05, -4.148576427e-05, -4.241378856e-05, -4.319812693e-05, -4.384381895e-05, -4.435514363e-05, -4.47355682e-05, -4.49877154e-05, -4.511334346e-05, -4.511333477e-05, -4.498769066e-05, -4.473553126e-05, -4.435510031e-05, -4.384377637e-05, -4.319809274e-05, -4.24137703e-05, -4.14857688e-05, -4.040836448e-05, -3.917526396e-05, -3.777976639e-05, -3.621498839e-05, -3.447416722e-05, -3.255105795e-05, -3.04404379e-05, -2.813872497e-05, -2.564470481e-05, -2.296034255e-05, -2.009162834e-05, -1.704937352e-05, -1.384984139e-05, -1.051507247e-05, -7.072763932e-06, -3.555598669e-06, 0, ,
0, -3.887737372e-06, -7.728491018e-06, -1.147812616e-05, -1.509774917e-05, -1.855532701e-05, -2.182642688e-05, -2.489415816e-05, -2.774851528e-05, -3.038535583e-05, -3.280522544e-05, -3.501218856e-05, -3.701276611e-05, -3.8815031e-05, -4.042787638e-05, -4.186044801e-05, -4.31217206e-05, -4.422019269e-05, -4.516367499e-05, -4.595914943e-05, -4.661267972e-05, -4.71293578e-05, -4.751327428e-05, -4.776750366e-05, -4.7894098e-05, -4.789408467e-05, -4.776746558e-05, -4.751321688e-05, -4.712928923e-05, -4.661260973e-05, -4.595908831e-05, -4.516363263e-05, -4.422017794e-05, -4.312174087e-05, -4.186050907e-05, -4.042798226e-05, -3.881518392e-05, -3.701296641e-05, -3.501243456e-05, -3.280551322e-05, -3.038567897e-05, -2.774886462e-05, -2.489452161e-05, -2.182678952e-05, -1.85556715e-05, -1.509805664e-05, -1.147837772e-05, -7.72866969e-06, -3.887830218e-06, 0, ,
0, -4.266932529e-06, -8.475477105e-06, -1.2571391e-05, -1.650794731e-05, -2.02480358e-05, -2.376488903e-05, -2.704164699e-05, -3.007013328e-05, -3.284923031e-05, -3.538316585e-05, -3.7679919e-05, -3.974985596e-05, -4.160463367e-05, -4.325636276e-05, -4.471699744e-05, -4.599791038e-05, -4.71096109e-05, -4.806156927e-05, -4.88621161e-05, -4.95183927e-05, -5.003633358e-05, -5.042066745e-05, -5.067492695e-05, -5.080146022e-05, -5.080144034e-05, -5.067487009e-05, -5.042058146e-05, -5.003622999e-05, -4.951828502e-05, -4.886201814e-05, -4.806149395e-05, -4.710956946e-05, -4.5997912e-05, -4.47170492e-05, -4.325646964e-05, -4.160479863e-05, -3.975007993e-05, -3.768020067e-05, -3.538350144e-05, -3.284961308e-05, -3.007055308e-05, -2.704208976e-05, -2.376533665e-05, -2.024846631e-05, -1.650833595e-05, -1.257171208e-05, -8.475706888e-06, -4.267052513e-06, 0, ,
0, -4.704515639e-06, -9.335093871e-06, -1.382401343e-05, -1.811461329e-05, -2.216397983e-05, -2.594344646e-05, -2.943740747e-05, -3.264114055e-05, -3.555826628e-05, -3.819828867e-05, -4.057446562e-05, -4.270210507e-05, -4.459728495e-05, -4.627594356e-05, -4.775326862e-05, -4.904331257e-05, -5.015877128e-05, -5.111087508e-05, -5.190935299e-05, -5.256244141e-05, -5.307691635e-05, -5.3458135e-05, -5.371007645e-05, -5.38353756e-05, -5.383534638e-05, -5.370999298e-05, -5.345800888e-05, -5.307676426e-05, -5.25622822e-05, -5.190920529e-05, -5.111075558e-05, -5.015869395e-05, -4.904328847e-05, -4.775330608e-05, -4.627604848e-05, -4.459746105e-05, -4.270235399e-05, -4.057478676e-05, -3.819867879e-05, -3.555871884e-05, -3.264164485e-05, -2.94379477e-05, -2.594400101e-05, -2.216452114e-05, -1.811510875e-05, -1.382442778e-05, -9.335393264e-06, -4.704672947e-06, 0, ,
0, -5.216036158e-06, -1.03363693e-05, -1.527495558e-05, -1.996251257e-05, -2.434982377e-05, -2.840750952e-05, -3.212339589e-05, -3.549875518e-05, -3.854440558e-05, -4.127725692e-05, -4.371754972e-05, -4.588681377e-05, -4.780645749e-05, -4.949685792e-05, -5.097682091e-05, -5.226329999e-05, -5.337128657e-05, -5.431380678e-05, -5.510197939e-05, -5.574510358e-05, -5.625075543e-05, -5.662487974e-05, -5.687186826e-05, -5.699461936e-05, -5.699457661e-05, -5.687174655e-05, -5.662469683e-05, -5.625053596e-05, -5.574487425e-05, -5.510176525e-05, -5.431362912e-05, -5.33711623e-05, -5.226324185e-05, -5.097683817e-05, -4.949695715e-05, -4.780664308e-05, -4.588708824e-05, -4.371791357e-05, -4.127770813e-05, -3.854493865e-05, -3.549935976e-05, -3.212405517e-05, -2.840819855e-05, -2.43505085e-05, -1.996315012e-05, -1.527549703e-05, -1.033676544e-05, -5.216246011e-06, 0, ,
0, -5.82325969e-06, -1.151939161e-05, -1.697692701e-05, -2.211065763e-05, -2.686529318e-05, -3.121337194e-05, -3.51499114e-05, -3.868607869e-05, -4.184334394e-05, -4.464878372e-05, -4.713166259e-05, -4.932114279e-05, -5.124487332e-05, -5.292820972e-05, -5.439385709e-05, -5.566177993e-05, -5.674926825e-05, -5.767108606e-05, -5.843965422e-05, -5.906523809e-05, -5.955612205e-05, -5.991876025e-05, -6.01578975e-05, -6.027665695e-05, -6.027659415e-05, -6.015771979e-05, -5.991849591e-05, -5.95558085e-05, -5.906491359e-05, -5.843935233e-05, -5.767083335e-05, -5.674908428e-05, -5.566167845e-05, -5.43938476e-05, -5.292829886e-05, -5.12450659e-05, -4.93214423e-05, -4.713207117e-05, -4.464930152e-05, -4.184396787e-05, -3.86868004e-05, -3.515071465e-05, -3.121422953e-05, -2.686616419e-05, -2.211148621e-05, -1.697764478e-05, -1.151992545e-05, -5.823545655e-06, 0, ,
0, -6.557610998e-06, -1.294101042e-05, -1.900270323e-05, -2.463789775e-05, -2.978731939e-05, -3.443077365e-05, -3.857679909e-05, -4.225230424e-05, -4.549410779e-05, -4.834287142e-05, -5.083917412e-05, -5.302122148e-05, -5.492368327e-05, -5.657725054e-05, -5.800861783e-05, -5.924069438e-05, -6.029292043e-05, -6.118161499e-05, -6.192031333e-05, -6.252007252e-05, -6.298973444e-05, -6.333614173e-05, -6.356430453e-05, -6.36775168e-05, -6.367742326e-05, -6.356404256e-05, -6.333575852e-05, -6.298928855e-05, -6.251961927e-05, -6.191989712e-05, -6.118126766e-05, -6.029266301e-05, -5.924054007e-05, -5.800857494e-05, -5.657732478e-05, -5.492387936e-05, -5.30215439e-05, -5.083962727e-05, -4.834345891e-05, -4.54948309e-05, -4.22531593e-05, -3.857777351e-05, -3.443184073e-05, -2.978843251e-05, -2.463898575e-05, -1.900367041e-05, -1.294174595e-05, -6.558011156e-06, 0, ,
0, -7.466173882e-06, -1.468433585e-05, -2.145497773e-05, -2.765091074e-05, -3.3215313e-05, -3.814560419e-05, -4.247420706e-05, -4.625223138e-05, -4.953791154e-05, -5.238942007e-05, -5.486094101e-05, -5.700088572e-05, -5.885138775e-05, -6.044849133e-05, -6.182266931e-05, -6.299945932e-05, -6.400010411e-05, -6.484214013e-05, -6.553991159e-05, -6.610500421e-05, -6.654660144e-05, -6.687176771e-05, -6.708566208e-05, -6.719168245e-05, -6.719153953e-05, -6.708526865e-05, -6.687120708e-05, -6.65459679e-05, -6.610437781e-05, -6.553934924e-05, -6.484167717e-05, -6.399976004e-05, -6.299924388e-05, -6.182258729e-05, -6.044854598e-05, -5.885158285e-05, -5.700122667e-05, -5.486143511e-05, -5.239007595e-05, -4.953873753e-05, -4.62532324e-05, -4.247537935e-05, -3.814692736e-05, -3.321673939e-05, -2.765235387e-05, -2.145630519e-05, -1.468537675e-05, -7.466753024e-06, 0, ,
0, -8.622748681e-06, -1.687518138e-05, -2.448196109e-05, -3.129545449e-05, -3.727741766e-05, -4.246212306e-05, -4.692219357e-05, -5.074450269e-05, -5.401588692e-05, -5.68159563e-05, -5.921428412e-05, -6.126999265e-05, -6.303249069e-05, -6.454265772e-05, -6.583410875e-05, -6.693436949e-05, -6.786589654e-05, -6.864692984e-05, -6.929218868e-05, -6.98134313e-05, -7.021989942e-05, -7.051866558e-05, -7.071489363e-05, -7.081201139e-05, -7.081178377e-05, -7.071428544e-05, -7.051783323e-05, -7.021899816e-05, -6.981257485e-05, -6.929144485e-05, -6.864633175e-05, -6.78654561e-05, -6.693408811e-05, -6.583398436e-05, -6.4542689e-05, -6.30326794e-05, -6.127034483e-05, -5.921481054e-05, -5.681667224e-05, -5.401681088e-05, -5.074565342e-05, -4.692358412e-05, -4.246374998e-05, -3.72792438e-05, -3.129738515e-05, -2.44838197e-05, -1.687670286e-05, -8.623624185e-06, 0, ,
0, -1.014963946e-05, -1.97116799e-05, -2.830223076e-05, -3.577152846e-05, -4.213678011e-05, -4.75032768e-05, -5.200794149e-05, -5.578769887e-05, -5.896517717e-05, -6.164423408e-05, -6.391024651e-05, -6.583231007e-05, -6.746592464e-05, -6.885554011e-05, -7.003673847e-05, -7.103801336e-05, -7.188218273e-05, -7.258749402e-05, -7.3168482e-05, -7.363663289e-05, -7.400089936e-05, -7.426810155e-05, -7.444323549e-05, -7.452968569e-05, -7.452929873e-05, -7.444225609e-05, -7.426684226e-05, -7.399961667e-05, -7.363547856e-05, -7.316752357e-05, -7.258674886e-05, -7.188164451e-05, -7.10376681e-05, -7.003657303e-05, -6.885554625e-05, -6.746610091e-05, -6.58326627e-05, -6.391079e-05, -6.164499158e-05, -5.896618034e-05, -5.578898629e-05, -5.200955373e-05, -4.750524464e-05, -4.213910068e-05, -3.577412324e-05, -2.830488561e-05, -1.971399081e-05, -1.015104085e-05, 0, ,
0, -1.226412931e-05, -2.351966798e-05, -3.324375362e-05, -4.135164847e-05, -4.799489751e-05, -5.340626255e-05, -5.781859673e-05, -6.143317413e-05, -6.441288881e-05, -6.688555634e-05, -6.895015777e-05, -7.068307648e-05, -7.21433577e-05, -7.33768396e-05, -7.441929168e-05, -7.529876274e-05, -7.603732699e-05, -7.66523815e-05, -7.715761242e-05, -7.756371889e-05, -7.787896357e-05, -7.810960578e-05, -7.826026107e-05, -7.833419716e-05, -7.833346938e-05, -7.825859792e-05, -7.810766305e-05, -7.787714772e-05, -7.756219914e-05, -7.715642201e-05, -7.665149562e-05, -7.603670498e-05, -7.529836675e-05, -7.441909342e-05, -7.337682207e-05, -7.214351531e-05, -7.068341506e-05, -6.895069517e-05, -6.688632374e-05, -6.441393261e-05, -6.143455767e-05, -5.782039985e-05, -5.340857418e-05, -4.799779103e-05, -4.135512152e-05, -3.32476087e-05, -2.352333393e-05, -1.226654841e-05, 0, ,
0, -1.538720988e-05, -2.885910911e-05, -3.980146726e-05, -4.839641428e-05, -5.508489891e-05, -6.030827917e-05, -6.442700874e-05, -6.771351211e-05, -7.036764762e-05, -7.25349447e-05, -7.432175174e-05, -7.580648038e-05, -7.704759008e-05, -7.80891689e-05, -7.896482591e-05, -7.970041893e-05, -8.031598099e-05, -8.082709257e-05, -8.124586728e-05, -8.158166669e-05, -8.184163026e-05, -8.203109692e-05, -8.215400587e-05, -8.22133725e-05, -8.221178371e-05, -8.215100315e-05, -8.20280643e-05, -8.183911202e-05, -8.157974826e-05, -8.124446969e-05, -8.082610664e-05, -8.031531304e-05, -7.97000005e-05, -7.896461183e-05, -7.80891333e-05, -7.704772318e-05, -7.580678705e-05, -7.432225188e-05, -7.253567561e-05, -7.03686687e-05, -6.771491191e-05, -6.442891383e-05, -6.031086122e-05, -5.508836772e-05, -4.840096312e-05, -3.980709373e-05, -2.886518779e-05, -1.539181885e-05, 0, ,
0, -2.04256011e-05, -3.672809133e-05, -4.870659204e-05, -5.73476425e-05, -6.364000469e-05, -6.831494647e-05, -7.186764696e-05, -7.462621794e-05, -7.680924484e-05, -7.85648231e-05, -7.999542413e-05, -8.117350322e-05, -8.215135334e-05, -8.296742001e-05, -8.365042412e-05, -8.422210608e-05, -8.469908546e-05, -8.509414051e-05, -8.541709744e-05, -8.567545031e-05, -8.587479388e-05, -8.601914578e-05, -8.611129297e-05, -8.615350325e-05, -8.614928982e-05, -8.610556669e-05, -8.601447896e-05, -8.587148779e-05, -8.567321221e-05, -8.541560187e-05, -8.509314819e-05, -8.469844005e-05, -8.422171037e-05, -8.365022011e-05, -8.29673761e-05, -8.215145707e-05, -8.117375809e-05, -7.999584968e-05, -7.856545812e-05, -7.681015467e-05, -7.462750744e-05, -7.186948235e-05, -6.831758913e-05, -6.364385553e-05, -5.735326952e-05, -4.871461529e-05, -3.673850465e-05, -2.043553922e-05, 0, ,
0, -2.958710319e-05, -4.892106313e-05, -6.094916707e-05, -6.864755899e-05, -7.381253087e-05, -7.744385506e-05, -8.010241468e-05, -8.211446786e-05, -8.367829071e-05, -8.491967871e-05, -8.592161845e-05, -8.674075503e-05, -8.741690007e-05, -8.797873368e-05, -8.844734449e-05, -8.883849581e-05, -8.916411427e-05, -8.943328658e-05, -8.965293166e-05, -8.982824323e-05, -8.996294915e-05, -9.005939934e-05, -9.0118517e-05, -9.014005772e-05, -9.012630562e-05, -9.010749481e-05, -9.005279707e-05, -8.995914799e-05, -8.98260109e-05, -8.965157739e-05, -8.943244421e-05, -8.916358862e-05, -8.88381808e-05, -8.844718215e-05, -8.797869392e-05, -8.741697092e-05, -8.674093857e-05, -8.592193061e-05, -8.492015254e-05, -8.36789844e-05, -8.211548085e-05, -8.0103919e-05, -7.744615741e-05, -7.381619575e-05, -6.865364412e-05, -6.095959328e-05, -4.893867632e-05, -2.961183336e-05, 0, ,
0, -4.900174853e-05, -6.841989094e-05, -7.75214541e-05, -8.248089553e-05, -8.551870473e-05, -8.754552823e-05, -8.898368883e-05, -9.005094811e-05, -9.086977143e-05, -9.15139826e-05, -9.203061593e-05, -9.245099837e-05, -9.279675822e-05, -9.308327014e-05, -9.332172434e-05, -9.352041842e-05, -9.368558922e-05, -9.382195988e-05, -9.393309941e-05, -9.402164178e-05, -9.408936017e-05, -9.413698544e-05, -9.416331794e-05, -9.416190503e-05, -9.410838013e-05, -9.414530987e-05, -9.413006652e-05, -9.408629621e-05, -9.4020106e-05, -9.393225258e-05, -9.382146263e-05, -9.368528941e-05, -9.352024207e-05, -9.332163376e-05, -9.308324653e-05, -9.27967941e-05, -9.245109466e-05, -9.203078165e-05, -9.151423702e-05, -9.087014957e-05, -9.005151253e-05, -8.89845554e-05, -8.754692577e-05, -8.552112594e-05, -8.248551794e-05, -7.753143738e-05, -6.844477398e-05, -4.907311791e-05, 0, ,
0, 0, 0, 0, 0, 0, 0, 0, 0, 0, 0, 0, 0, 0, 0, 0, 0, 0, 0, 0, 0, 0, 0, 0, 0, 0, 0, 0, 0, 0, 0, 0, 0, 0, 0, 0, 0, 0, 0, 0, 0, 0, 0, 0, 0, 0, 0, 0, 0, 0, ,
